course,data_status,distance_m,field_size,race_category,race_class,race_date,race_id,race_name,race_no,race_rule,scheduled_start,source_url,surface,track_condition,weather,weight_rule
札幌,QUARANTINED_HTML:track_condition,1700,14,3歳,未勝利,2026-08-29,pw01sde1001202602030120260829,3歳未勝利,01,[指定],10時00分,https://www.jra.go.jp/JRADB/accessS.html?CNAME=pw01sde1001202602030120260829%2F1C,ダート,,晴,馬齢
札幌,PASS_HTML,1500,13,2歳,未勝利,2026-08-29,pw01sde1001202602030220260829,2歳未勝利,02,牝［指定］,10時30分,https://www.jra.go.jp/JRADB/accessS.html?CNAME=pw01sde1001202602030220260829%2FD1,芝,稍重,晴,馬齢
札幌,PASS_HTML,1800,11,2歳,未勝利,2026-08-29,pw01sde1001202602030320260829,2歳未勝利,03,（混合）［指定］,11時00分,https://www.jra.go.jp/JRADB/accessS.html?CNAME=pw01sde1001202602030320260829%2F86,芝,稍重,晴,馬齢
札幌,QUARANTINED_HTML:track_condition,1000,12,3歳,未勝利,2026-08-29,pw01sde1001202602030420260829,3歳未勝利,04,（混合）［指定］,11時30分,https://www.jra.go.jp/JRADB/accessS.html?CNAME=pw01sde1001202602030420260829%2F3B,ダート,,晴,馬齢
札幌,QUARANTINED_HTML:track_condition,1700,14,2歳,新馬,2026-08-29,pw01sde1001202602030520260829,メイクデビュー札幌,05,（混合）［指定］,12時20分,https://www.jra.go.jp/JRADB/accessS.html?CNAME=pw01sde1001202602030520260829%2FF0,ダート,,晴,馬齢
札幌,PASS_HTML,1500,14,3歳,未勝利,2026-08-29,pw01sde1001202602030620260829,3歳未勝利,06,（混合）［指定］,12時50分,https://www.jra.go.jp/JRADB/accessS.html?CNAME=pw01sde1001202602030620260829%2FA5,芝,稍重,晴,馬齢
札幌,PASS_HTML,1200,16,3歳以上,1勝クラス,2026-08-29,pw01sde1001202602030720260829,3歳以上1勝クラス,07,（混合）［指定］,13時20分,https://www.jra.go.jp/JRADB/accessS.html?CNAME=pw01sde1001202602030720260829%2F5A,芝,稍重,晴,定量
札幌,QUARANTINED_HTML:track_condition,1700,11,3歳以上,1勝クラス,2026-08-29,pw01sde1001202602030820260829,3歳以上1勝クラス,08,[指定],13時50分,https://www.jra.go.jp/JRADB/accessS.html?CNAME=pw01sde1001202602030820260829%2F0F,ダート,,晴,定量
札幌,PASS_HTML,1800,12,3歳以上,1勝クラス,2026-08-29,pw01sde1001202602030920260829,3歳以上1勝クラス,09,（特指）,14時20分,https://www.jra.go.jp/JRADB/accessS.html?CNAME=pw01sde1001202602030920260829%2FC4,芝,稍重,晴,定量
札幌,PASS_HTML,1200,12,2歳,オープン,2026-08-29,pw01sde1001202602031020260829,すずらん賞,10,（国際）（特指）,14時50分,https://www.jra.go.jp/JRADB/accessS.html?CNAME=pw01sde1001202602031020260829%2FB9,芝,稍重,晴,別定
札幌,PASS_HTML,2000,14,3歳以上,2勝クラス,2026-08-29,pw01sde1001202602031120260829,札幌日刊スポーツ杯,11,（混合）［指定］,15時25分,https://www.jra.go.jp/JRADB/accessS.html?CNAME=pw01sde1001202602031120260829%2F6E,芝,稍重,晴,定量
札幌,QUARANTINED_HTML:track_condition,1700,12,3歳以上,2勝クラス,2026-08-29,pw01sde1001202602031220260829,千歳特別,12,（混合）［指定］,16時01分,https://www.jra.go.jp/JRADB/accessS.html?CNAME=pw01sde1001202602031220260829%2F23,ダート,,晴,定量
札幌,QUARANTINED_HTML:track_condition,1700,14,3歳,未勝利,2026-08-30,pw01sde1001202602040120260830,3歳未勝利,01,牝［指定］,10時00分,https://www.jra.go.jp/JRADB/accessS.html?CNAME=pw01sde1001202602040120260830%2F44,ダート,,晴,馬齢
札幌,PASS_HTML,1200,14,2歳,未勝利,2026-08-30,pw01sde1001202602040220260830,2歳未勝利,02,（混合）［指定］,10時30分,https://www.jra.go.jp/JRADB/accessS.html?CNAME=pw01sde1001202602040220260830%2FF9,芝,良,晴,馬齢
札幌,QUARANTINED_HTML:track_condition,1700,14,3歳,未勝利,2026-08-30,pw01sde1001202602040320260830,3歳未勝利,03,[指定],11時00分,https://www.jra.go.jp/JRADB/accessS.html?CNAME=pw01sde1001202602040320260830%2FAE,ダート,,曇,馬齢
札幌,PASS_HTML,2000,16,3歳,未勝利,2026-08-30,pw01sde1001202602040420260830,3歳未勝利,04,（混合）［指定］,11時30分,https://www.jra.go.jp/JRADB/accessS.html?CNAME=pw01sde1001202602040420260830%2F63,芝,良,曇,馬齢
札幌,PASS_HTML,1800,8,2歳,新馬,2026-08-30,pw01sde1001202602040520260830,メイクデビュー札幌,05,[指定],12時20分,https://www.jra.go.jp/JRADB/accessS.html?CNAME=pw01sde1001202602040520260830%2F18,芝,良,晴,馬齢
札幌,QUARANTINED_HTML:track_condition,1700,12,3歳以上,1勝クラス,2026-08-30,pw01sde1001202602040620260830,3歳以上1勝クラス,06,牝［指定］,12時50分,https://www.jra.go.jp/JRADB/accessS.html?CNAME=pw01sde1001202602040620260830%2FCD,ダート,,晴,定量
札幌,QUARANTINED_HTML:track_condition,1000,12,3歳以上,1勝クラス,2026-08-30,pw01sde1001202602040720260830,3歳以上1勝クラス,07,（混合）［指定］,13時20分,https://www.jra.go.jp/JRADB/accessS.html?CNAME=pw01sde1001202602040720260830%2F82,ダート,,晴,定量
札幌,PASS_HTML,1500,14,3歳以上,1勝クラス,2026-08-30,pw01sde1001202602040820260830,3歳以上1勝クラス,08,[指定],13時50分,https://www.jra.go.jp/JRADB/accessS.html?CNAME=pw01sde1001202602040820260830%2F37,芝,良,晴,定量
札幌,QUARANTINED_HTML:track_condition,1700,11,3歳以上,1勝クラス,2026-08-30,pw01sde1001202602040920260830,3歳以上1勝クラス,09,（特指）,14時20分,https://www.jra.go.jp/JRADB/accessS.html?CNAME=pw01sde1001202602040920260830%2FEC,ダート,,晴,定量
札幌,PASS_HTML,1200,16,3歳以上,2勝クラス,2026-08-30,pw01sde1001202602041020260830,HBC賞,10,（混合）［指定］,14時50分,https://www.jra.go.jp/JRADB/accessS.html?CNAME=pw01sde1001202602041020260830%2FE1,芝,良,晴,ハンデ
札幌,PASS_HTML,1500,14,3歳以上,3勝クラス,2026-08-30,pw01sde1001202602041120260830,日高ステークス,11,（混合）（特指）,15時25分,https://www.jra.go.jp/JRADB/accessS.html?CNAME=pw01sde1001202602041120260830%2F96,芝,良,曇,定量
札幌,PASS_HTML,2600,14,3歳以上,1勝クラス,2026-08-30,pw01sde1001202602041220260830,北辰特別,12,（混合）（特指）,16時01分,https://www.jra.go.jp/JRADB/accessS.html?CNAME=pw01sde1001202602041220260830%2F4B,芝,良,曇,定量
新潟,PASS_HTML,2850,12,障害3歳以上,未勝利,2026-08-29,pw01sde1004202603030120260829,障害3歳以上未勝利,01,（混合）,9時40分,https://www.jra.go.jp/JRADB/accessS.html?CNAME=pw01sde1004202603030120260829%2F2B,障害,良,小雨,定量
新潟,QUARANTINED_HTML:track_condition,1800,15,3歳,未勝利,2026-08-29,pw01sde1004202603030220260829,3歳未勝利,02,[指定],10時15分,https://www.jra.go.jp/JRADB/accessS.html?CNAME=pw01sde1004202603030220260829%2FE0,ダート,,小雨,馬齢
新潟,PASS_HTML,1600,11,2歳,未勝利,2026-08-29,pw01sde1004202603030320260829,2歳未勝利,03,（混合）［指定］,10時45分,https://www.jra.go.jp/JRADB/accessS.html?CNAME=pw01sde1004202603030320260829%2F95,芝,良,小雨,馬齢
新潟,PASS_HTML,1400,18,2歳,新馬,2026-08-29,pw01sde1004202603030420260829,メイクデビュー新潟,04,（混合）［指定］,11時15分,https://www.jra.go.jp/JRADB/accessS.html?CNAME=pw01sde1004202603030420260829%2F4A,芝,良,小雨,馬齢
新潟,PASS_HTML,2200,18,3歳,未勝利,2026-08-29,pw01sde1004202603030520260829,3歳未勝利,05,（混合）［指定］,11時45分,https://www.jra.go.jp/JRADB/accessS.html?CNAME=pw01sde1004202603030520260829%2FFF,芝,稍重,小雨,馬齢
新潟,QUARANTINED_HTML:track_condition,1800,15,3歳以上,1勝クラス,2026-08-29,pw01sde1004202603030620260829,新発田城特別,06,（混合）［指定］,14時35分,https://www.jra.go.jp/JRADB/accessS.html?CNAME=pw01sde1004202603030620260829%2FB4,ダート,,小雨,定量
新潟,PASS_HTML,2000,17,3歳以上,2勝クラス,2026-08-29,pw01sde1004202603030720260829,赤倉特別,07,（混合）［指定］,15時10分,https://www.jra.go.jp/JRADB/accessS.html?CNAME=pw01sde1004202603030720260829%2F69,芝,稍重,曇,ハンデ
新潟,QUARANTINED_HTML:track_condition,1800,11,3歳以上,オープン,2026-08-29,pw01sde1004202603030820260829,BSN賞,08,（国際）（特指）,15時45分,https://www.jra.go.jp/JRADB/accessS.html?CNAME=pw01sde1004202603030820260829%2F1E,ダート,,曇,別定
新潟,PASS_HTML,2200,13,3歳以上,1勝クラス,2026-08-29,pw01sde1004202603030920260829,3歳以上1勝クラス,09,（混合）（特指）,16時25分,https://www.jra.go.jp/JRADB/accessS.html?CNAME=pw01sde1004202603030920260829%2FD3,芝,稍重,曇,定量
新潟,PASS_HTML,1400,18,3歳以上,1勝クラス,2026-08-29,pw01sde1004202603031020260829,3歳以上1勝クラス,10,（混合）［指定］,17時00分,https://www.jra.go.jp/JRADB/accessS.html?CNAME=pw01sde1004202603031020260829%2FC8,芝,稍重,曇,定量
新潟,PASS_HTML,2000,18,3歳,未勝利,2026-08-29,pw01sde1004202603031120260829,3歳未勝利,11,[指定],17時30分,https://www.jra.go.jp/JRADB/accessS.html?CNAME=pw01sde1004202603031120260829%2F7D,芝,稍重,曇,馬齢
新潟,QUARANTINED_HTML:track_condition,1200,15,3歳,未勝利,2026-08-29,pw01sde1004202603031220260829,3歳未勝利,12,[指定],18時05分,https://www.jra.go.jp/JRADB/accessS.html?CNAME=pw01sde1004202603031220260829%2F32,ダート,,曇,馬齢
新潟,PASS_HTML,2850,13,障害3歳以上,未勝利,2026-08-30,pw01sde1004202603040120260830,障害3歳以上未勝利,01,,9時40分,https://www.jra.go.jp/JRADB/accessS.html?CNAME=pw01sde1004202603040120260830%2F53,障害,良,曇,定量
新潟,QUARANTINED_HTML:track_condition,1800,13,2歳,新馬,2026-08-30,pw01sde1004202603040220260830,メイクデビュー新潟,02,（混合）［指定］,10時15分,https://www.jra.go.jp/JRADB/accessS.html?CNAME=pw01sde1004202603040220260830%2F08,ダート,,晴,馬齢
新潟,PASS_HTML,2000,8,2歳,未勝利,2026-08-30,pw01sde1004202603040320260830,2歳未勝利,03,（混合）［指定］,10時45分,https://www.jra.go.jp/JRADB/accessS.html?CNAME=pw01sde1004202603040320260830%2FBD,芝,良,曇,馬齢
新潟,PASS_HTML,1800,11,2歳,新馬,2026-08-30,pw01sde1004202603040420260830,メイクデビュー新潟,04,[指定],11時15分,https://www.jra.go.jp/JRADB/accessS.html?CNAME=pw01sde1004202603040420260830%2F72,芝,良,曇,馬齢
新潟,PASS_HTML,1400,18,3歳,未勝利,2026-08-30,pw01sde1004202603040520260830,3歳未勝利,05,（混合）［指定］,11時45分,https://www.jra.go.jp/JRADB/accessS.html?CNAME=pw01sde1004202603040520260830%2F27,芝,良,曇,馬齢
新潟,QUARANTINED_HTML:track_condition,1800,15,3歳以上,2勝クラス,2026-08-30,pw01sde1004202603040620260830,両津湾特別,06,（混合）（特指）,14時35分,https://www.jra.go.jp/JRADB/accessS.html?CNAME=pw01sde1004202603040620260830%2FDC,ダート,,曇,定量
新潟,PASS_HTML,2200,12,3歳以上,3勝クラス,2026-08-30,pw01sde1004202603040720260830,日本海ステークス,07,（混合）（特指）,15時10分,https://www.jra.go.jp/JRADB/accessS.html?CNAME=pw01sde1004202603040720260830%2F91,芝,良,曇,定量
新潟,PASS_HTML,2000,11,3歳以上,オープン,2026-08-30,pw01sde1004202603040820260830,農林水産省賞典 新潟記念,08,（国際）（特指）,15時45分,https://www.jra.go.jp/JRADB/accessS.html?CNAME=pw01sde1004202603040820260830%2F46,芝,稍重,雨,別定
新潟,PASS_HTML,1000,18,3歳以上,2勝クラス,2026-08-30,pw01sde1004202603040920260830,閃光特別,09,（混合）［指定］,16時25分,https://www.jra.go.jp/JRADB/accessS.html?CNAME=pw01sde1004202603040920260830%2FFB,芝,稍重,雨,定量
新潟,QUARANTINED_HTML:track_condition,1800,15,3歳,未勝利,2026-08-30,pw01sde1004202603041020260830,3歳未勝利,10,（混合）［指定］,17時00分,https://www.jra.go.jp/JRADB/accessS.html?CNAME=pw01sde1004202603041020260830%2FF0,ダート,,曇,馬齢
新潟,PASS_HTML,1800,14,3歳以上,1勝クラス,2026-08-30,pw01sde1004202603041120260830,3歳以上1勝クラス,11,牝［指定］,17時30分,https://www.jra.go.jp/JRADB/accessS.html?CNAME=pw01sde1004202603041120260830%2FA5,芝,稍重,曇,定量
新潟,QUARANTINED_HTML:track_condition,1200,15,3歳以上,1勝クラス,2026-08-30,pw01sde1004202603041220260830,3歳以上1勝クラス,12,[指定],18時05分,https://www.jra.go.jp/JRADB/accessS.html?CNAME=pw01sde1004202603041220260830%2F5A,ダート,,曇,定量
中京,PASS_HTML,2000,11,2歳,未勝利,2026-08-29,pw01sde1007202603030120260829,2歳未勝利,01,（混合）［指定］,9時50分,https://www.jra.go.jp/JRADB/accessS.html?CNAME=pw01sde1007202603030120260829%2F09,芝,良,曇,馬齢
中京,QUARANTINED_HTML:track_condition,1800,12,2歳,未勝利,2026-08-29,pw01sde1007202603030220260829,2歳未勝利,02,（混合）［指定］,10時25分,https://www.jra.go.jp/JRADB/accessS.html?CNAME=pw01sde1007202603030220260829%2FBE,ダート,,曇,馬齢
中京,PASS_HTML,1400,12,2歳,新馬,2026-08-29,pw01sde1007202603030320260829,メイクデビュー中京,03,牝［指定］,10時55分,https://www.jra.go.jp/JRADB/accessS.html?CNAME=pw01sde1007202603030320260829%2F73,芝,良,曇,馬齢
中京,PASS_HTML,2200,16,3歳,未勝利,2026-08-29,pw01sde1007202603030420260829,3歳未勝利,04,[指定],11時25分,https://www.jra.go.jp/JRADB/accessS.html?CNAME=pw01sde1007202603030420260829%2F28,芝,良,曇,馬齢
中京,PASS_HTML,2000,13,3歳,未勝利,2026-08-29,pw01sde1007202603030520260829,3歳未勝利,05,（混合）［指定］,11時55分,https://www.jra.go.jp/JRADB/accessS.html?CNAME=pw01sde1007202603030520260829%2FDD,芝,良,曇,馬齢
中京,QUARANTINED_HTML:track_condition,1200,13,3歳以上,2勝クラス,2026-08-29,pw01sde1007202603030620260829,清洲特別,06,（混合）［指定］,15時01分,https://www.jra.go.jp/JRADB/accessS.html?CNAME=pw01sde1007202603030620260829%2F92,ダート,,曇,定量
中京,PASS_HTML,1400,15,3歳以上,3勝クラス,2026-08-29,pw01sde1007202603030720260829,長篠ステークス,07,（混合）（特指）,15時35分,https://www.jra.go.jp/JRADB/accessS.html?CNAME=pw01sde1007202603030720260829%2F47,芝,良,曇,定量
中京,PASS_HTML,1400,14,3歳以上,2勝クラス,2026-08-29,pw01sde1007202603030820260829,桑名特別,08,（混合）［指定］,16時10分,https://www.jra.go.jp/JRADB/accessS.html?CNAME=pw01sde1007202603030820260829%2FFC,芝,良,曇,定量
中京,QUARANTINED_HTML:track_condition,1800,9,3歳以上,1勝クラス,2026-08-29,pw01sde1007202603030920260829,3歳以上1勝クラス,09,牝［指定］,16時45分,https://www.jra.go.jp/JRADB/accessS.html?CNAME=pw01sde1007202603030920260829%2FB1,ダート,,曇,定量
中京,QUARANTINED_HTML:track_condition,1400,16,3歳以上,1勝クラス,2026-08-29,pw01sde1007202603031020260829,3歳以上1勝クラス,10,（混合）［指定］,17時15分,https://www.jra.go.jp/JRADB/accessS.html?CNAME=pw01sde1007202603031020260829%2FA6,ダート,,曇,定量
中京,PASS_HTML,1600,13,3歳以上,1勝クラス,2026-08-29,pw01sde1007202603031120260829,3歳以上1勝クラス,11,（混合）（特指）,17時45分,https://www.jra.go.jp/JRADB/accessS.html?CNAME=pw01sde1007202603031120260829%2F5B,芝,良,雨,定量
中京,QUARANTINED_HTML:track_condition,1800,14,3歳,未勝利,2026-08-29,pw01sde1007202603031220260829,3歳未勝利,12,（混合）［指定］,18時15分,https://www.jra.go.jp/JRADB/accessS.html?CNAME=pw01sde1007202603031220260829%2F10,ダート,,曇,馬齢
中京,PASS_HTML,1400,10,2歳,未勝利,2026-08-30,pw01sde1007202603040120260830,2歳未勝利,01,[指定],9時50分,https://www.jra.go.jp/JRADB/accessS.html?CNAME=pw01sde1007202603040120260830%2F31,芝,良,晴,馬齢
中京,PASS_HTML,1600,10,2歳,新馬,2026-08-30,pw01sde1007202603040220260830,メイクデビュー中京,02,（混合）［指定］,10時25分,https://www.jra.go.jp/JRADB/accessS.html?CNAME=pw01sde1007202603040220260830%2FE6,芝,良,晴,馬齢
中京,PASS_HTML,2000,11,2歳,新馬,2026-08-30,pw01sde1007202603040320260830,メイクデビュー中京,03,（混合）［指定］,10時55分,https://www.jra.go.jp/JRADB/accessS.html?CNAME=pw01sde1007202603040320260830%2F9B,芝,良,晴,馬齢
中京,QUARANTINED_HTML:track_condition,1400,16,3歳,未勝利,2026-08-30,pw01sde1007202603040420260830,3歳未勝利,04,[指定],11時25分,https://www.jra.go.jp/JRADB/accessS.html?CNAME=pw01sde1007202603040420260830%2F50,ダート,,晴,馬齢
中京,QUARANTINED_HTML:track_condition,1800,13,3歳以上,1勝クラス,2026-08-30,pw01sde1007202603040520260830,3歳以上1勝クラス,05,（混合）［指定］,11時55分,https://www.jra.go.jp/JRADB/accessS.html?CNAME=pw01sde1007202603040520260830%2F05,ダート,,曇,定量
中京,QUARANTINED_HTML:track_condition,1900,16,3歳以上,3勝クラス,2026-08-30,pw01sde1007202603040620260830,白川郷ステークス,06,（混合）［指定］,15時01分,https://www.jra.go.jp/JRADB/accessS.html?CNAME=pw01sde1007202603040620260830%2FBA,ダート,,晴,ハンデ
中京,PASS_HTML,1400,9,2歳,オープン,2026-08-30,pw01sde1007202603040720260830,中京2歳ステークス,07,（国際）（特指）,15時35分,https://www.jra.go.jp/JRADB/accessS.html?CNAME=pw01sde1007202603040720260830%2F6F,芝,良,晴,馬齢
中京,PASS_HTML,2200,15,3歳以上,2勝クラス,2026-08-30,pw01sde1007202603040820260830,熊野特別,08,（混合）（特指）,16時10分,https://www.jra.go.jp/JRADB/accessS.html?CNAME=pw01sde1007202603040820260830%2F24,芝,良,晴,定量
中京,QUARANTINED_HTML:track_condition,1800,15,3歳,未勝利,2026-08-30,pw01sde1007202603040920260830,3歳未勝利,09,牝［指定］,16時45分,https://www.jra.go.jp/JRADB/accessS.html?CNAME=pw01sde1007202603040920260830%2FD9,ダート,,晴,馬齢
中京,PASS_HTML,2000,10,3歳以上,1勝クラス,2026-08-30,pw01sde1007202603041020260830,3歳以上1勝クラス,10,（混合）［指定］,17時15分,https://www.jra.go.jp/JRADB/accessS.html?CNAME=pw01sde1007202603041020260830%2FCE,芝,良,晴,定量
中京,PASS_HTML,1400,18,3歳,未勝利,2026-08-30,pw01sde1007202603041120260830,3歳未勝利,11,（混合）［指定］,17時45分,https://www.jra.go.jp/JRADB/accessS.html?CNAME=pw01sde1007202603041120260830%2F83,芝,良,晴,馬齢
中京,QUARANTINED_HTML:track_condition,1200,14,3歳以上,1勝クラス,2026-08-30,pw01sde1007202603041220260830,3歳以上1勝クラス,12,[指定],18時15分,https://www.jra.go.jp/JRADB/accessS.html?CNAME=pw01sde1007202603041220260830%2F38,ダート,,晴,定量
札幌,QUARANTINED_HTML:track_condition,1700,12,2歳,未勝利,2026-09-05,pw01sde0101202602050120260905,2歳未勝利,01,（混合）［指定］,9時50分,https://www.jra.go.jp/JRADB/accessS.html?CNAME=pw01sde0101202602050120260905%2FF6,ダート,,晴,馬齢
札幌,PASS_HTML,1200,11,2歳,未勝利,2026-09-05,pw01sde0101202602050220260905,2歳未勝利,02,[指定],10時20分,https://www.jra.go.jp/JRADB/accessS.html?CNAME=pw01sde0101202602050220260905%2FAB,芝,稍重,晴,馬齢
札幌,QUARANTINED_HTML:track_condition,1000,12,3歳,未勝利,2026-09-05,pw01sde0101202602050320260905,3歳未勝利,03,[指定],10時50分,https://www.jra.go.jp/JRADB/accessS.html?CNAME=pw01sde0101202602050320260905%2F60,ダート,,晴,馬齢
札幌,QUARANTINED_HTML:track_condition,1700,14,3歳,未勝利,2026-09-05,pw01sde0101202602050420260905,3歳未勝利,04,[指定],11時20分,https://www.jra.go.jp/JRADB/accessS.html?CNAME=pw01sde0101202602050420260905%2F15,ダート,,晴,馬齢
札幌,PASS_HTML,1500,14,2歳,新馬,2026-09-05,pw01sde0101202602050520260905,メイクデビュー札幌,05,（混合）［指定］,12時10分,https://www.jra.go.jp/JRADB/accessS.html?CNAME=pw01sde0101202602050520260905%2FCA,芝,稍重,晴,馬齢
札幌,PASS_HTML,2000,16,3歳,未勝利,2026-09-05,pw01sde0101202602050620260905,3歳未勝利,06,[指定],12時40分,https://www.jra.go.jp/JRADB/accessS.html?CNAME=pw01sde0101202602050620260905%2F7F,芝,稍重,晴,馬齢
札幌,PASS_HTML,1800,12,3歳以上,1勝クラス,2026-09-05,pw01sde0101202602050720260905,3歳以上1勝クラス,07,牝［指定］,13時10分,https://www.jra.go.jp/JRADB/accessS.html?CNAME=pw01sde0101202602050720260905%2F34,芝,稍重,晴,定量
札幌,QUARANTINED_HTML:track_condition,1700,13,3歳以上,1勝クラス,2026-09-05,pw01sde0101202602050820260905,3歳以上1勝クラス,08,[指定],13時40分,https://www.jra.go.jp/JRADB/accessS.html?CNAME=pw01sde0101202602050820260905%2FE9,ダート,,晴,定量
札幌,PASS_HTML,2000,14,3歳以上,1勝クラス,2026-09-05,pw01sde0101202602050920260905,Fビレッジ特別,09,（混合）（特指）,14時10分,https://www.jra.go.jp/JRADB/accessS.html?CNAME=pw01sde0101202602050920260905%2F9E,芝,稍重,晴,定量
札幌,PASS_HTML,1200,16,3歳以上,2勝クラス,2026-09-05,pw01sde0101202602051020260905,札幌スポニチ賞,10,（混合）［指定］,14時45分,https://www.jra.go.jp/JRADB/accessS.html?CNAME=pw01sde0101202602051020260905%2F93,芝,稍重,晴,定量
札幌,PASS_HTML,1800,9,2歳,オープン,2026-09-05,pw01sde0101202602051120260905,札幌2歳ステークス,11,（国際）（特指）,15時20分,https://www.jra.go.jp/JRADB/accessS.html?CNAME=pw01sde0101202602051120260905%2F48,芝,稍重,晴,馬齢
札幌,QUARANTINED_HTML:track_condition,1700,13,3歳以上,1勝クラス,2026-09-05,pw01sde0101202602051220260905,3歳以上1勝クラス,12,牝［指定］,16時05分,https://www.jra.go.jp/JRADB/accessS.html?CNAME=pw01sde0101202602051220260905%2FFD,ダート,,晴,定量
中山,PASS_HTML,3200,8,障害3歳以上,オープン,2026-09-05,pw01sde0106202604010120260905,障害3歳以上オープン,01,（混合）,10時05分,https://www.jra.go.jp/JRADB/accessS.html?CNAME=pw01sde0106202604010120260905%2FFE,障害,稍重,曇,別定
中山,PASS_HTML,1600,16,3歳,未勝利,2026-09-05,pw01sde0106202604010220260905,3歳未勝利,02,[指定],10時40分,https://www.jra.go.jp/JRADB/accessS.html?CNAME=pw01sde0106202604010220260905%2FB3,芝,稍重,曇,馬齢
中山,QUARANTINED_HTML:track_condition,1800,10,2歳,未勝利,2026-09-05,pw01sde0106202604010320260905,2歳未勝利,03,（混合）［指定］,11時10分,https://www.jra.go.jp/JRADB/accessS.html?CNAME=pw01sde0106202604010320260905%2F68,ダート,,曇,馬齢
中山,PASS_HTML,1800,11,2歳,未勝利,2026-09-05,pw01sde0106202604010420260905,2歳未勝利,04,[指定],11時40分,https://www.jra.go.jp/JRADB/accessS.html?CNAME=pw01sde0106202604010420260905%2F1D,芝,稍重,曇,馬齢
中山,PASS_HTML,2000,11,2歳,新馬,2026-09-05,pw01sde0106202604010520260905,メイクデビュー中山,05,（混合）［指定］,12時30分,https://www.jra.go.jp/JRADB/accessS.html?CNAME=pw01sde0106202604010520260905%2FD2,芝,良,曇,馬齢
中山,QUARANTINED_HTML:track_condition,1200,14,2歳,新馬,2026-09-05,pw01sde0106202604010620260905,メイクデビュー中山,06,（混合）［指定］,13時00分,https://www.jra.go.jp/JRADB/accessS.html?CNAME=pw01sde0106202604010620260905%2F87,ダート,,曇,馬齢
中山,QUARANTINED_HTML:track_condition,1800,16,3歳,未勝利,2026-09-05,pw01sde0106202604010720260905,3歳未勝利,07,[指定],13時30分,https://www.jra.go.jp/JRADB/accessS.html?CNAME=pw01sde0106202604010720260905%2F3C,ダート,,曇,馬齢
中山,QUARANTINED_HTML:track_condition,1200,16,3歳以上,1勝クラス,2026-09-05,pw01sde0106202604010820260905,3歳以上1勝クラス,08,牝［指定］,14時01分,https://www.jra.go.jp/JRADB/accessS.html?CNAME=pw01sde0106202604010820260905%2FF1,ダート,,曇,定量
中山,PASS_HTML,1800,15,3歳以上,1勝クラス,2026-09-05,pw01sde0106202604010920260905,古作特別,09,（混合）［指定］,14時31分,https://www.jra.go.jp/JRADB/accessS.html?CNAME=pw01sde0106202604010920260905%2FA6,芝,良,晴,定量
中山,PASS_HTML,1200,13,3歳以上,2勝クラス,2026-09-05,pw01sde0106202604011020260905,白井特別,10,（混合）（特指）,15時05分,https://www.jra.go.jp/JRADB/accessS.html?CNAME=pw01sde0106202604011020260905%2F9B,芝,良,晴,定量
中山,PASS_HTML,1600,16,3歳以上,オープン,2026-09-05,pw01sde0106202604011120260905,京成杯オータムハンデキャップ,11,（国際）（特指）,15時45分,https://www.jra.go.jp/JRADB/accessS.html?CNAME=pw01sde0106202604011120260905%2F50,芝,良,晴,ハンデ
中山,QUARANTINED_HTML:track_condition,1200,14,3歳以上,1勝クラス,2026-09-05,pw01sde0106202604011220260905,3歳以上1勝クラス,12,[指定],16時30分,https://www.jra.go.jp/JRADB/accessS.html?CNAME=pw01sde0106202604011220260905%2F05,ダート,,晴,定量
阪神,QUARANTINED_HTML:track_condition,1400,11,2歳,未勝利,2026-09-05,pw01sde0109202604010120260905,2歳未勝利,01,（混合）［指定］,9時55分,https://www.jra.go.jp/JRADB/accessS.html?CNAME=pw01sde0109202604010120260905%2FDC,ダート,,晴,馬齢
阪神,PASS_HTML,1800,5,2歳,未勝利,2026-09-05,pw01sde0109202604010220260905,2歳未勝利,02,[指定],10時30分,https://www.jra.go.jp/JRADB/accessS.html?CNAME=pw01sde0109202604010220260905%2F91,芝,稍重,晴,馬齢
阪神,QUARANTINED_HTML:track_condition,1800,13,3歳,未勝利,2026-09-05,pw01sde0109202604010320260905,3歳未勝利,03,[指定],11時00分,https://www.jra.go.jp/JRADB/accessS.html?CNAME=pw01sde0109202604010320260905%2F46,ダート,,晴,馬齢
阪神,PASS_HTML,1600,18,3歳,未勝利,2026-09-05,pw01sde0109202604010420260905,3歳未勝利,04,[指定],11時30分,https://www.jra.go.jp/JRADB/accessS.html?CNAME=pw01sde0109202604010420260905%2FFB,芝,稍重,晴,馬齢
阪神,PASS_HTML,1400,12,2歳,新馬,2026-09-05,pw01sde0109202604010520260905,メイクデビュー阪神,05,（混合）［指定］,12時20分,https://www.jra.go.jp/JRADB/accessS.html?CNAME=pw01sde0109202604010520260905%2FB0,芝,良,晴,馬齢
阪神,QUARANTINED_HTML:track_condition,1400,13,2歳,新馬,2026-09-05,pw01sde0109202604010620260905,メイクデビュー阪神,06,（混合）［指定］,12時50分,https://www.jra.go.jp/JRADB/accessS.html?CNAME=pw01sde0109202604010620260905%2F65,ダート,,晴,馬齢
阪神,PASS_HTML,1200,16,3歳以上,1勝クラス,2026-09-05,pw01sde0109202604010720260905,3歳以上1勝クラス,07,（混合）［指定］,13時20分,https://www.jra.go.jp/JRADB/accessS.html?CNAME=pw01sde0109202604010720260905%2F1A,芝,良,晴,定量
阪神,PASS_HTML,2000,9,3歳以上,1勝クラス,2026-09-05,pw01sde0109202604010820260905,3歳以上1勝クラス,08,[指定],13時50分,https://www.jra.go.jp/JRADB/accessS.html?CNAME=pw01sde0109202604010820260905%2FCF,芝,良,晴,定量
阪神,QUARANTINED_HTML:track_condition,1800,11,3歳以上,2勝クラス,2026-09-05,pw01sde0109202604010920260905,出石特別,09,（混合）（特指）,14時20分,https://www.jra.go.jp/JRADB/accessS.html?CNAME=pw01sde0109202604010920260905%2F84,ダート,,晴,定量
阪神,PASS_HTML,1800,7,3歳以上,3勝クラス,2026-09-05,pw01sde0109202604011020260905,西宮ステークス,10,（混合）（特指）,14時55分,https://www.jra.go.jp/JRADB/accessS.html?CNAME=pw01sde0109202604011020260905%2F79,芝,良,曇,定量
阪神,QUARANTINED_HTML:track_condition,1400,12,3歳以上,オープン,2026-09-05,pw01sde0109202604011120260905,エニフステークス,11,（国際）（特指）,15時30分,https://www.jra.go.jp/JRADB/accessS.html?CNAME=pw01sde0109202604011120260905%2F2E,ダート,,曇,ハンデ
阪神,QUARANTINED_HTML:track_condition,1400,12,3歳以上,1勝クラス,2026-09-05,pw01sde0109202604011220260905,3歳以上1勝クラス,12,[指定],16時15分,https://www.jra.go.jp/JRADB/accessS.html?CNAME=pw01sde0109202604011220260905%2FE3,ダート,,曇,定量
札幌,QUARANTINED_HTML:track_condition,1700,12,2歳,未勝利,2026-09-05,pw01sde1001202602050120260905,2歳未勝利,01,（混合）［指定］,9時50分,https://www.jra.go.jp/JRADB/accessS.html?CNAME=pw01sde1001202602050120260905%2FD5,ダート,,晴,馬齢
札幌,PASS_HTML,1200,11,2歳,未勝利,2026-09-05,pw01sde1001202602050220260905,2歳未勝利,02,[指定],10時20分,https://www.jra.go.jp/JRADB/accessS.html?CNAME=pw01sde1001202602050220260905%2F8A,芝,稍重,晴,馬齢
札幌,QUARANTINED_HTML:track_condition,1000,12,3歳,未勝利,2026-09-05,pw01sde1001202602050320260905,3歳未勝利,03,[指定],10時50分,https://www.jra.go.jp/JRADB/accessS.html?CNAME=pw01sde1001202602050320260905%2F3F,ダート,,晴,馬齢
札幌,QUARANTINED_HTML:track_condition,1700,14,3歳,未勝利,2026-09-05,pw01sde1001202602050420260905,3歳未勝利,04,[指定],11時20分,https://www.jra.go.jp/JRADB/accessS.html?CNAME=pw01sde1001202602050420260905%2FF4,ダート,,晴,馬齢
札幌,PASS_HTML,1500,14,2歳,新馬,2026-09-05,pw01sde1001202602050520260905,メイクデビュー札幌,05,（混合）［指定］,12時10分,https://www.jra.go.jp/JRADB/accessS.html?CNAME=pw01sde1001202602050520260905%2FA9,芝,稍重,晴,馬齢
札幌,PASS_HTML,2000,16,3歳,未勝利,2026-09-05,pw01sde1001202602050620260905,3歳未勝利,06,[指定],12時40分,https://www.jra.go.jp/JRADB/accessS.html?CNAME=pw01sde1001202602050620260905%2F5E,芝,稍重,晴,馬齢
札幌,PASS_HTML,1800,12,3歳以上,1勝クラス,2026-09-05,pw01sde1001202602050720260905,3歳以上1勝クラス,07,牝［指定］,13時10分,https://www.jra.go.jp/JRADB/accessS.html?CNAME=pw01sde1001202602050720260905%2F13,芝,稍重,晴,定量
札幌,QUARANTINED_HTML:track_condition,1700,13,3歳以上,1勝クラス,2026-09-05,pw01sde1001202602050820260905,3歳以上1勝クラス,08,[指定],13時40分,https://www.jra.go.jp/JRADB/accessS.html?CNAME=pw01sde1001202602050820260905%2FC8,ダート,,晴,定量
札幌,PASS_HTML,2000,14,3歳以上,1勝クラス,2026-09-05,pw01sde1001202602050920260905,Fビレッジ特別,09,（混合）（特指）,14時10分,https://www.jra.go.jp/JRADB/accessS.html?CNAME=pw01sde1001202602050920260905%2F7D,芝,稍重,晴,定量
札幌,PASS_HTML,1200,16,3歳以上,2勝クラス,2026-09-05,pw01sde1001202602051020260905,札幌スポニチ賞,10,（混合）［指定］,14時45分,https://www.jra.go.jp/JRADB/accessS.html?CNAME=pw01sde1001202602051020260905%2F72,芝,稍重,晴,定量
札幌,PASS_HTML,1800,9,2歳,オープン,2026-09-05,pw01sde1001202602051120260905,札幌2歳ステークス,11,（国際）（特指）,15時20分,https://www.jra.go.jp/JRADB/accessS.html?CNAME=pw01sde1001202602051120260905%2F27,芝,稍重,晴,馬齢
札幌,QUARANTINED_HTML:track_condition,1700,13,3歳以上,1勝クラス,2026-09-05,pw01sde1001202602051220260905,3歳以上1勝クラス,12,牝［指定］,16時05分,https://www.jra.go.jp/JRADB/accessS.html?CNAME=pw01sde1001202602051220260905%2FDC,ダート,,晴,定量
中山,PASS_HTML,3200,8,障害3歳以上,オープン,2026-09-05,pw01sde1006202604010120260905,障害3歳以上オープン,01,（混合）,10時05分,https://www.jra.go.jp/JRADB/accessS.html?CNAME=pw01sde1006202604010120260905%2FDD,障害,稍重,曇,別定
中山,PASS_HTML,1600,16,3歳,未勝利,2026-09-05,pw01sde1006202604010220260905,3歳未勝利,02,[指定],10時40分,https://www.jra.go.jp/JRADB/accessS.html?CNAME=pw01sde1006202604010220260905%2F92,芝,稍重,曇,馬齢
中山,QUARANTINED_HTML:track_condition,1800,10,2歳,未勝利,2026-09-05,pw01sde1006202604010320260905,2歳未勝利,03,（混合）［指定］,11時10分,https://www.jra.go.jp/JRADB/accessS.html?CNAME=pw01sde1006202604010320260905%2F47,ダート,,曇,馬齢
中山,PASS_HTML,1800,11,2歳,未勝利,2026-09-05,pw01sde1006202604010420260905,2歳未勝利,04,[指定],11時40分,https://www.jra.go.jp/JRADB/accessS.html?CNAME=pw01sde1006202604010420260905%2FFC,芝,稍重,曇,馬齢
中山,PASS_HTML,2000,11,2歳,新馬,2026-09-05,pw01sde1006202604010520260905,メイクデビュー中山,05,（混合）［指定］,12時30分,https://www.jra.go.jp/JRADB/accessS.html?CNAME=pw01sde1006202604010520260905%2FB1,芝,良,曇,馬齢
中山,QUARANTINED_HTML:track_condition,1200,14,2歳,新馬,2026-09-05,pw01sde1006202604010620260905,メイクデビュー中山,06,（混合）［指定］,13時00分,https://www.jra.go.jp/JRADB/accessS.html?CNAME=pw01sde1006202604010620260905%2F66,ダート,,曇,馬齢
中山,QUARANTINED_HTML:track_condition,1800,16,3歳,未勝利,2026-09-05,pw01sde1006202604010720260905,3歳未勝利,07,[指定],13時30分,https://www.jra.go.jp/JRADB/accessS.html?CNAME=pw01sde1006202604010720260905%2F1B,ダート,,曇,馬齢
中山,QUARANTINED_HTML:track_condition,1200,16,3歳以上,1勝クラス,2026-09-05,pw01sde1006202604010820260905,3歳以上1勝クラス,08,牝［指定］,14時01分,https://www.jra.go.jp/JRADB/accessS.html?CNAME=pw01sde1006202604010820260905%2FD0,ダート,,曇,定量
中山,PASS_HTML,1800,15,3歳以上,1勝クラス,2026-09-05,pw01sde1006202604010920260905,古作特別,09,（混合）［指定］,14時31分,https://www.jra.go.jp/JRADB/accessS.html?CNAME=pw01sde1006202604010920260905%2F85,芝,良,晴,定量
中山,PASS_HTML,1200,13,3歳以上,2勝クラス,2026-09-05,pw01sde1006202604011020260905,白井特別,10,（混合）（特指）,15時05分,https://www.jra.go.jp/JRADB/accessS.html?CNAME=pw01sde1006202604011020260905%2F7A,芝,良,晴,定量
中山,PASS_HTML,1600,16,3歳以上,オープン,2026-09-05,pw01sde1006202604011120260905,京成杯オータムハンデキャップ,11,（国際）（特指）,15時45分,https://www.jra.go.jp/JRADB/accessS.html?CNAME=pw01sde1006202604011120260905%2F2F,芝,良,晴,ハンデ
中山,QUARANTINED_HTML:track_condition,1200,14,3歳以上,1勝クラス,2026-09-05,pw01sde1006202604011220260905,3歳以上1勝クラス,12,[指定],16時30分,https://www.jra.go.jp/JRADB/accessS.html?CNAME=pw01sde1006202604011220260905%2FE4,ダート,,晴,定量
阪神,QUARANTINED_HTML:track_condition,1400,11,2歳,未勝利,2026-09-05,pw01sde1009202604010120260905,2歳未勝利,01,（混合）［指定］,9時55分,https://www.jra.go.jp/JRADB/accessS.html?CNAME=pw01sde1009202604010120260905%2FBB,ダート,,晴,馬齢
阪神,PASS_HTML,1800,5,2歳,未勝利,2026-09-05,pw01sde1009202604010220260905,2歳未勝利,02,[指定],10時30分,https://www.jra.go.jp/JRADB/accessS.html?CNAME=pw01sde1009202604010220260905%2F70,芝,稍重,晴,馬齢
阪神,QUARANTINED_HTML:track_condition,1800,13,3歳,未勝利,2026-09-05,pw01sde1009202604010320260905,3歳未勝利,03,[指定],11時00分,https://www.jra.go.jp/JRADB/accessS.html?CNAME=pw01sde1009202604010320260905%2F25,ダート,,晴,馬齢
阪神,PASS_HTML,1600,18,3歳,未勝利,2026-09-05,pw01sde1009202604010420260905,3歳未勝利,04,[指定],11時30分,https://www.jra.go.jp/JRADB/accessS.html?CNAME=pw01sde1009202604010420260905%2FDA,芝,稍重,晴,馬齢
阪神,PASS_HTML,1400,12,2歳,新馬,2026-09-05,pw01sde1009202604010520260905,メイクデビュー阪神,05,（混合）［指定］,12時20分,https://www.jra.go.jp/JRADB/accessS.html?CNAME=pw01sde1009202604010520260905%2F8F,芝,良,晴,馬齢
阪神,QUARANTINED_HTML:track_condition,1400,13,2歳,新馬,2026-09-05,pw01sde1009202604010620260905,メイクデビュー阪神,06,（混合）［指定］,12時50分,https://www.jra.go.jp/JRADB/accessS.html?CNAME=pw01sde1009202604010620260905%2F44,ダート,,晴,馬齢
阪神,PASS_HTML,1200,16,3歳以上,1勝クラス,2026-09-05,pw01sde1009202604010720260905,3歳以上1勝クラス,07,（混合）［指定］,13時20分,https://www.jra.go.jp/JRADB/accessS.html?CNAME=pw01sde1009202604010720260905%2FF9,芝,良,晴,定量
阪神,PASS_HTML,2000,9,3歳以上,1勝クラス,2026-09-05,pw01sde1009202604010820260905,3歳以上1勝クラス,08,[指定],13時50分,https://www.jra.go.jp/JRADB/accessS.html?CNAME=pw01sde1009202604010820260905%2FAE,芝,良,晴,定量
阪神,QUARANTINED_HTML:track_condition,1800,11,3歳以上,2勝クラス,2026-09-05,pw01sde1009202604010920260905,出石特別,09,（混合）（特指）,14時20分,https://www.jra.go.jp/JRADB/accessS.html?CNAME=pw01sde1009202604010920260905%2F63,ダート,,晴,定量
阪神,PASS_HTML,1800,7,3歳以上,3勝クラス,2026-09-05,pw01sde1009202604011020260905,西宮ステークス,10,（混合）（特指）,14時55分,https://www.jra.go.jp/JRADB/accessS.html?CNAME=pw01sde1009202604011020260905%2F58,芝,良,曇,定量
阪神,QUARANTINED_HTML:track_condition,1400,12,3歳以上,オープン,2026-09-05,pw01sde1009202604011120260905,エニフステークス,11,（国際）（特指）,15時30分,https://www.jra.go.jp/JRADB/accessS.html?CNAME=pw01sde1009202604011120260905%2F0D,ダート,,曇,ハンデ
阪神,QUARANTINED_HTML:track_condition,1400,12,3歳以上,1勝クラス,2026-09-05,pw01sde1009202604011220260905,3歳以上1勝クラス,12,[指定],16時15分,https://www.jra.go.jp/JRADB/accessS.html?CNAME=pw01sde1009202604011220260905%2FC2,ダート,,曇,定量
